{"cameraMode":{"drawMode":0,"name":"Shaded","section":"Shading Mode"},"sceneLighting":true,"audioPlay":false,"sceneViewState":{"m_AlwaysRefresh":false,"showFog":true,"showSkybox":true,"showFlares":true,"showImageEffects":true,"showParticleSystems":true,"showVisualEffectGraphs":true,"m_FxEnabled":true},"in2DMode":false,"pivot":{"x":0.0053065018728375439,"y":2.0983879566192629,"z":-0.030195245519280435},"rotation":{"x":0.06865387409925461,"y":0.7450264692306519,"z":-0.077618807554245,"w":0.6589638590812683},"size":1.615108847618103,"orthographic":false}